name,categories,image_urls
the sun is setting over a desert landscape,"nascer do sol,moutains,Nature images,Hd scenery wallpapers,Hq background images,adventure,hiking,hiker,explore,walking,scenic,remote place,adventurer,outdoors,Hd sky wallpapers,Landscape images & pictures,ground,rock,People images & pictures,wilderness,Public domain images",https://images.unsplash.com/photo-1682687220063-4742bd7fd538?q=80&w=1000&auto=format&fit=crop&ixlib=rb-4.0.3&ixid=M3wxMjA3fDF8MHxwaG90by1wYWdlfHx8fGVufDB8fHx8fA%3D%3D
a person standing on a dock in the fog,"moody nature,misty nature,foggy,misty lake,moody,port,pier,People images & pictures,human,Nature images,alone,lonely,Hd water wallpapers,waterfront,boardwalk,photo,photography,banister,handrail,outdoors,Creative Commons images",https://plus.unsplash.com/premium_photo-1711390047540-a76d80a9620e?q=80&w=1000&auto=format&fit=crop&ixlib=rb-4.0.3&ixid=M3wxMjA3fDB8MHxwaG90by1wYWdlfHx8fGVufDB8fHx8fA%3D%3D
a person is walking in the desert at sunset,"outdoors,Nature images,Hd sky wallpapers,Desert images,Hd scenery wallpapers,People images & pictures,human,sand,Free stock photos",https://images.unsplash.com/photo-1707344088547-3cf7cea5ca49?q=80&w=1000&auto=format&fit=crop&ixlib=rb-4.0.3&ixid=M3wxMjA3fDF8MHxwaG90by1wYWdlfHx8fGVufDB8fHx8fA%3D%3D
a round table with white chairs and a beige tablecloth,"wedding preparation,wedding table,bride,wedding day,Wedding backgrounds,white wedding,wedding reception,furniture,table,dining table,indoors,tabletop,tablecloth,plant,plate,candle,hall,reception,waiting room,reception room,Backgrounds",https://plus.unsplash.com/premium_photo-1711305772086-d45053d4bb69?q=80&w=1000&auto=format&fit=crop&ixlib=rb-4.0.3&ixid=M3wxMjA3fDB8MHxwaG90by1wYWdlfHx8fGVufDB8fHx8fA%3D%3D
a person in a wet suit is swimming in the ocean,"Hd water wallpapers,Nature images,underwater,adventure,saudi arabia,neom,swimmer,swim,remote place,destination,oceanic,Hd wallpapers,islands of neom –  neom,saudi arabia,biodiverse,biodiversity,outdoors,ocean floor,People images & pictures,scuba diving,HD Wallpapers",https://images.unsplash.com/photo-1682687981807-35e55307a7bb?q=80&w=1000&auto=format&fit=crop&ixlib=rb-4.0.3&ixid=M3wxMjA3fDF8MHxwaG90by1wYWdlfHx8fGVufDB8fHx8fA%3D%3D
two chairs are in front of a large poster,"Hd screen wallpapers,augmented reality,mixed reality,internet,tech,vr,interior design,indoors,furniture,chair,electronics,home decor,cushion,human,blackboard,hardware,computer hardware,digital display,display,astronomy,Free stock photos",https://plus.unsplash.com/premium_photo-1711134826547-169d7de16190?q=80&w=1000&auto=format&fit=crop&ixlib=rb-4.0.3&ixid=M3wxMjA3fDB8MHxwaG90by1wYWdlfHx8fGVufDB8fHx8fA%3D%3D
a person standing on top of a large rock,"Hd grey wallpapers,rock,photography,adventure,Nature images,human,hiking,outdoors,mountain range,Mountain images & pictures,Hd scenery wallpapers,walking,standing,head,portrait,face,Hd sky wallpapers,cliff,bag,backpack,Free images",https://images.unsplash.com/photo-1707343848552-893e05dba6ac?q=80&w=1000&auto=format&fit=crop&ixlib=rb-4.0.3&ixid=M3wxMjA3fDF8MHxwaG90by1wYWdlfHx8fGVufDB8fHx8fA%3D%3D
a forest filled with lots of trees covered in fog,"dark nature,fog,Nature images,mist,weather,outdoors,tara national park,tara,moody,woodland,moody nature,vegetation,Backgrounds",https://plus.unsplash.com/premium_photo-1709474755719-6b862d2b2844?q=80&w=1000&auto=format&fit=crop&ixlib=rb-4.0.3&ixid=M3wxMjA3fDB8MHxwaG90by1wYWdlfHx8fGVufDB8fHx8fA%3D%3D
a person standing on top of a rock under a sky filled with stars,"Desert images,hisma desert –  neom,saudi arabia,Hd scenery wallpapers,vista,Hd wallpapers,scenic,Hq background images,travel destination,hisma desert,neom,Travel images,photography,outdoors,Nature images,night,Hd sky wallpapers,People images & pictures,horizon,shoe,Free stock photos",https://images.unsplash.com/photo-1682685797661-9e0c87f59c60?q=80&w=1000&auto=format&fit=crop&ixlib=rb-4.0.3&ixid=M3wxMjA3fDF8MHxwaG90by1wYWdlfHx8fGVufDB8fHx8fA%3D%3D
a black and white photo of a sculpture,"Hd abstract wallpapers,Hd wallpapers,3d render,render,digital image,Texture backgrounds,Hq background images,Abstract backgrounds,Hd screen saver wallpapers,experimental,Hd art wallpapers,negative space,cloth simulation,leather,material,Hd dark wallpapers,vertical wallpaper,Hd phone wallpapers,graphics,Hd black wallpapers,Free images",https://plus.unsplash.com/premium_photo-1671308540077-9b4c2a344cb1?q=80&w=1000&auto=format&fit=crop&ixlib=rb-4.0.3&ixid=M3wxMjA3fDB8MHxwaG90by1wYWdlfHx8fGVufDB8fHx8fA%3D%3D
a forest filled with lots of tall pine trees,"Tree images & pictures,Hd forest wallpapers,Green backgrounds,alberta rockies,alberta,Best backgrounds,Hq background images,seasons,moody,banff,Hd wallpapers,wallpaper for mobile,Tree backgrounds,Hd green wallpapers,grove,land,Jungle backgrounds,fir,abies,conifer,Free pictures",https://images.unsplash.com/photo-1711322741663-fccbe9a5d8c6?q=80&w=1000&auto=format&fit=crop&ixlib=rb-4.0.3&ixid=M3wxMjA3fDB8MHxwaG90by1wYWdlfHx8fGVufDB8fHx8fA%3D%3D
a man sitting on a rock in front of a waterfall,"oregon,usa,Hd forest wallpapers,Hd waterfall wallpapers,pnw,pacific northwest,vegetation,plant,rainforest,Tree images & pictures,rock,wilderness,Hd water wallpapers,woodland,Women images & pictures,People images & pictures,female,adult,Hd scenery wallpapers,cliff,Creative Commons images",https://images.unsplash.com/photo-1711384552467-543d338e775b?q=80&w=1000&auto=format&fit=crop&ixlib=rb-4.0.3&ixid=M3wxMjA3fDB8MHxwaG90by1wYWdlfHx8fGVufDB8fHx8fA%3D%3D
a close up of a large green leaf,"cambridge,uk,brookside,Leaf backgrounds,green aesthetic,Hd iphone wallpapers,mobile wallpaper,Texture backgrounds,Texture backgrounds,Texture backgrounds,botanical,botanical garden,botanical leaf,botanical aesthetic,Leaf backgrounds,leaf texture,leaf up close,Nature images,Nature backgrounds,nature aesthetic,HD Wallpapers",https://images.unsplash.com/photo-1711299448467-3aa24faa374a?q=80&w=1000&auto=format&fit=crop&ixlib=rb-4.0.3&ixid=M3wxMjA3fDB8MHxwaG90by1wYWdlfHx8fGVufDB8fHx8fA%3D%3D
a bright green object in the middle of the night sky,"Nature images,Hd wallpapers,Hq background images,outdoors,astronomy,Space images & pictures,Outer space pictures,universe,comet,Backgrounds",https://images.unsplash.com/photo-1711291817956-30c8fc8f9663?q=80&w=1000&auto=format&fit=crop&ixlib=rb-4.0.3&ixid=M3wxMjA3fDB8MHxwaG90by1wYWdlfHx8fGVufDB8fHx8fA%3D%3D
a person standing on a set of stairs in a building,"munich,deutschland,House images,staircase,housing,building,floor,indoors,human,People images & pictures,foyer,lobby,female,Women images & pictures,adult,shoe,coat,flooring,HD Wallpapers",https://images.unsplash.com/photo-1711529835046-f84c050365a9?q=80&w=1000&auto=format&fit=crop&ixlib=rb-4.0.3&ixid=M3wxMjA3fDB8MHxwaG90by1wYWdlfHx8fGVufDB8fHx8fA%3D%3D
a man in a hat looking out a car window,"photography,photo,outdoors,Nature images,Hd scenery wallpapers,night,Hd sky wallpapers,adult,People images & pictures,man,male,human,face,portrait,head,HD Wallpapers",https://images.unsplash.com/photo-1711476926527-81837d599943?q=80&w=1000&auto=format&fit=crop&ixlib=rb-4.0.3&ixid=M3wxMjA3fDB8MHxwaG90by1wYWdlfHx8fGVufDB8fHx8fA%3D%3D
a woman in a blue jacket and a straw hat standing in front of a large,"vietnam,hanoi,human,Women images & pictures,traveling,People images & pictures,Hd wallpapers,beautiful people,Hd color wallpapers,colorful picture,farm,hanoi old quarter,glove,cookware,pot,female,People images & pictures,adult,Hd art wallpapers,handicraft,HD Wallpapers",https://images.unsplash.com/photo-1711473537783-908b0112f384?q=80&w=1000&auto=format&fit=crop&ixlib=rb-4.0.3&ixid=M3wxMjA3fDB8MHxwaG90by1wYWdlfHx8fGVufDB8fHx8fA%3D%3D
a mountain range with a few trees in the foreground,"uk,sony alpha,gios,jonny,jonny gios,wildlife,portraits,community,Nature images,Hd scenery wallpapers,outdoors,Landscape images & pictures,wilderness,plateau,mountain range,Mountain images & pictures,peak,ground,panoramic,countryside,Free stock photos",https://images.unsplash.com/photo-1711390811075-496d7c4ad504?q=80&w=1000&auto=format&fit=crop&ixlib=rb-4.0.3&ixid=M3wxMjA3fDB8MHxwaG90by1wYWdlfHx8fGVufDB8fHx8fA%3D%3D
a person standing on a beach holding a light,"photography,photo,Hd sky wallpapers,outdoors,Nature images,male,human,People images & pictures,man,adult,head,face,portrait,Sun images & pictures,horizon,sunrise,backlighting,Free stock photos",https://images.unsplash.com/photo-1711419396684-f9ac724390f4?q=80&w=1000&auto=format&fit=crop&ixlib=rb-4.0.3&ixid=M3wxMjA3fDB8MHxwaG90by1wYWdlfHx8fGVufDB8fHx8fA%3D%3D
a double decker bus driving down a street,"street photography,road,People images & pictures,human,vehicle,bus,tour bus,double decker bus,asphalt,tarmac,rail,train,train track,railway,terminal,town,Hd city wallpapers,Free stock photos",https://images.unsplash.com/photo-1711380558439-f9b5e07e2f90?q=80&w=1000&auto=format&fit=crop&ixlib=rb-4.0.3&ixid=M3wxMjA3fDB8MHxwaG90by1wYWdlfHx8fGVufDB8fHx8fA%3D%3D
a black and white photo of rocks and water,"teriberka,russia,murmansk oblast,sea,arctic,Hd wave wallpapers,mobile wallpaper,Hd iphone wallpapers,Best stone pictures & images,Texture backgrounds,rock,Nature images,Hd sky wallpapers,outdoors,pebble,Hd ocean wallpapers,Hd water wallpapers,shoreline,Hd scenery wallpapers,sea waves,HD Wallpapers",https://images.unsplash.com/photo-1711381712581-81a70ab44380?q=80&w=1000&auto=format&fit=crop&ixlib=rb-4.0.3&ixid=M3wxMjA3fDB8MHxwaG90by1wYWdlfHx8fGVufDB8fHx8fA%3D%3D
a white sports car parked in a parking garage,"machine,wheel,tire,automobile,vehicle,Car images & pictures,alloy wheel,spoke,car wheel,Backgrounds",https://images.unsplash.com/photo-1711476326429-3b3e6083fd54?q=80&w=1000&auto=format&fit=crop&ixlib=rb-4.0.3&ixid=M3wxMjA3fDB8MHxwaG90by1wYWdlfHx8fGVufDB8fHx8fA%3D%3D
a woman leaning on a rail in a tunnel,"Hd grey wallpapers,human,photography,face,head,photo,People images & pictures,lighting,long sleeve,Happy images & pictures,coat,female,adult,dress,formal wear,Moon images & pictures,astronomy,night,outdoors,Nature images,Creative Commons images",https://images.unsplash.com/photo-1711470053377-bdd52fdba484?q=80&w=1000&auto=format&fit=crop&ixlib=rb-4.0.3&ixid=M3wxMjA3fDB8MHxwaG90by1wYWdlfHx8fGVufDB8fHx8fA%3D%3D
a frozen waterfall with snow on the ground,"outdoors,Nature images,Hd water wallpapers,vegetation,Hd waterfall wallpapers,Hd scenery wallpapers,Tree images & pictures,woodland,land,Hd forest wallpapers,rock,Public domain images",https://images.unsplash.com/photo-1711419398896-b09863fd59d8?q=80&w=1000&auto=format&fit=crop&ixlib=rb-4.0.3&ixid=M3wxMjA3fDB8MHxwaG90by1wYWdlfHx8fGVufDB8fHx8fA%3D%3D
